{
    "openapi": "3.0.0",
    "info": {
      "title": "R2R MVP",
      "version": "1.0.0",
      "description": "R2R MVP"
    },
    "components": {
      "schemas": {
        "response": {
          "type": "object",
          "properties": {
            "message": {
              "type": "string"
            }
          }
        }
      },
      "securitySchemes": {
        "basicAuth": {
          "scheme": "basic",
          "type": "http"
        }
      }
    },
    "paths": {
      "/createnextsteps": {
        "get": {
          "description": "Create Next Steps for R2R",
          "summary": "Create Next Steps for R2R",
          "operationId": "createnextsteps",
          "parameters": [],
          "responses": {
            "200": {
              "description": "Generation of next steps was successful",
              "content": {
                "application/json": {
                  "schema": {
                    "type": "object",
                    "properties": {
                      "message": {
                        "type": "string"
                      }
                    }
                  }
                }
              }
            },
            "201": {
              "description": "Request was successful",
              "content": {
                "application/json": {
                  "schema": {
                    "type": "object",
                    "properties": {
                      "message": {
                        "type": "string"
                      }
                    }
                  }
                }
              }
            }
          },
          "x-ibm-next-actions": [],
          "x-ibm-nl-intent-examples": [
            "Create Next Steps for R2R",
            "Create Next Steps for R2R"
          ]
        }
      }
    },
    "security": [
      {
        "basicAuth": []
      }
    ],
    "servers": [
      {
        "url": "https://r2r-fastapi-test-r2r.poc-tok-1-bx2-4x16-1d4ccc0775a4ed7596c037528d22e24b-0000.jp-tok.containers.appdomain.cloud"
      }
    ]
  }