{
    "openapi": "3.0.0",
    "info": {
      "title": "R2R MVP",
      "version": "1.0.0",
      "description": "R2R MVP"
    },
    "components": {
      "schemas": {
        "response": {
          "type": "object",
          "properties": {
            "Click": {
              "type": "string"
            }
          }
        }
      },
      "securitySchemes": {
        "basicAuth": {
          "scheme": "basic",
          "type": "http"
        }
      }
    },
    "paths": {
      "/": {
        "get": {
          "description": "Download R2R File",
          "summary": "Download R2R File",
          "operationId": "download",
          "parameters": [],
          "responses": {
            "200": {
              "description": "You can download your file from the below link",
              "content": {
                "application/json": {
                  "schema": {
                    "type": "object",
                    "properties": {
                      "Click": {
                        "type": "string",
                        "x-ibm-order": 1
                      }
                    }
                  }
                }
              }
            },
            "201": {
              "description": "Request was successful",
              "content": {
                "application/json": {
                  "schema": {
                    "type": "object",
                    "properties": {
                      "Click": {
                        "type": "string"
                      }
                    }
                  }
                }
              }
            }
          },
          "x-ibm-nl-intent-examples": [
            "Download R2R File",
            "Download R2R File"
          ],
          "x-ibm-nl-output-template": "The file generation is completed. Use the link to download updated file https://r2r-fastapi-r2r.poc-tok-1-bx2-4x16-1d4ccc0775a4ed7596c037528d22e24b-0000.jp-tok.containers.appdomain.cloud/download\n\n<br> \nTo save your file locally \n<a href=\"https://r2r-fastapi-r2r.poc-tok-1-bx2-4x16-1d4ccc0775a4ed7596c037528d22e24b-0000.jp-tok.containers.appdomain.cloud/download\"> click here for the updated excel file</a>\n \n",
          "x-ibm-next-actions": []
        }
      }
    },
    "security": [
      {
        "basicAuth": []
      }
    ],
    "servers": [
      {
        "url": "https://r2r-fastapi-test-r2r.poc-tok-1-bx2-4x16-1d4ccc0775a4ed7596c037528d22e24b-0000.jp-tok.containers.appdomain.cloud"
      }
    ]
  }