{
  "openapi": "3.0.0",
  "info": {
    "title": "R2R MVP",
    "version": "1.0.0",
    "description": "R2R MVP"
  },
  "components": {
    "schemas": {
      "response": {
        "type": "object",
        "properties": {
          "Risk": {
            "type": "string"
          }
        }
      }
    },
    "securitySchemes": {
      "basicAuth": {
        "scheme": "basic",
        "type": "http"
      }
    }
  },
  "paths": {
    "/showrisk": {
      "get": {
        "description": "Show risks for R2R",
        "summary": "Show risks for R2R",
        "operationId": "showrisk",
        "parameters": [],
        "responses": {
          "200": {
            "description": "Risks retrieved successfully",
            "content": {
              "application/json": {
                "schema": {
                  "type": "object",
                  "properties": {
                    "Risk": {
                      "type": "string"
                    }
                  }
                }
              }
            }
          },
          "201": {
            "description": "Request was successful",
            "content": {
              "application/json": {
                "schema": {
                  "type": "object",
                  "properties": {
                    "Risk": {
                      "type": "string"
                    }
                  }
                }
              }
            }
          }
        },
        "x-ibm-nl-intent-examples": [
          "Show risks for R2R",
          "Show risks for R2R"
        ]
      }
    }
  },
  "security": [
    {
      "basicAuth": []
    }
  ],
  "servers": [
    {
      "url": "https://r2r-fastapi-test-r2r.poc-tok-1-bx2-4x16-1d4ccc0775a4ed7596c037528d22e24b-0000.jp-tok.containers.appdomain.cloud"
    }
  ]
}