{
    "openapi": "3.0.0",
    "info": {
      "title": "R2R MVP",
      "version": "1.0.0",
      "description": "R2R MVP"
    },
    "components": {
      "schemas": {
        "request": {
          "type": "object",
          "properties": {
            "ReconType": {
              "type": "string",
              "x-ibm-show": true,
              "enum": [
                "OAL Recon",
                "Others"
              ],
              "default": "OAL Recon"
            },
            "Location": {
              "x-ibm-show": true,
              "type": "string"
            },
            "AccountingStandard": {
              "x-ibm-show": true,
              "type": "string"
            },
            "UploadSAPdump": {
              "type": "string",
              "format": "binary",
              "x-ibm-show": true
            }
          },
          "required": [
            "UploadSAPdump",
            "Location",
            "AccountingStandard",
            "ReconType"
          ]
        },
        "response": {
          "type": "object",
          "properties": {
            "message": {
              "type": "string"
            }
          }
        }
      },
      "securitySchemes": {
        "basicAuth": {
          "scheme": "basic",
          "type": "http"
        }
      }
    },
    "paths": {
      "/cluster": {
        "post": {
          "description": "Transaction matching",
          "summary": "Transaction matching",
          "operationId": "TransactionMatching",
          "requestBody": {
            "description": "",
            "content": {
              "application/json": {
                "schema": {
                  "type": "object",
                  "properties": {
                    "ReconType": {
                      "type": "string",
                      "x-ibm-show": true,
                      "default": "OAL Recon",
                      "x-ibm-order": 1,
                      "enum": [
                        "OAL Recon",
                        "Others"
                      ]
                    },
                    "Location": {
                      "x-ibm-show": true,
                      "type": "string",
                      "x-ibm-order": 2,
                      "x-ibm-multiline": "false"
                    },
                    "AccountingStandard": {
                      "x-ibm-show": true,
                      "type": "string",
                      "x-ibm-order": 3,
                      "x-ibm-multiline": "false"
                    },
                    "UploadSAPdump": {
                      "type": "string",
                      "format": "binary",
                      "x-ibm-show": true,
                      "x-ibm-order": 4,
                      "x-ibm-multiline": "false"
                    }
                  },
                  "required": [
                    "ReconType",
                    "Location",
                    "AccountingStandard",
                    "UploadSAPdump"
                  ]
                }
              }
            },
            "required": true
          },
          "parameters": [],
          "responses": {
            "200": {
              "description": "Recon prepepeation was successful summarization needs to be done",
              "content": {
                "application/json": {
                  "schema": {
                    "type": "object",
                    "properties": {
                      "message": {
                        "type": "string"
                      }
                    }
                  }
                }
              }
            },
            "201": {
              "description": "Request was successful",
              "content": {
                "application/json": {
                  "schema": {
                    "type": "object",
                    "properties": {
                      "message": {
                        "type": "string"
                      }
                    }
                  }
                }
              }
            },
            "405": {
              "description": "Request was successful",
              "content": {
                "application/json": {
                  "schema": {
                    "type": "object",
                    "properties": {
                      "message": {
                        "type": "string"
                      }
                    }
                  }
                }
              }
            },
            "504": {
              "description": "Request was successful",
              "content": {
                "application/json": {
                  "schema": {
                    "type": "object",
                    "properties": {
                      "message": {
                        "type": "string"
                      }
                    }
                  }
                }
              }
            }
          },
          "x-ibm-nl-intent-examples": [
            "Transaction matching",
            "I want to create a reconciliation",
            "I want to reconcile my liabilty data"
          ],
          "x-ibm-nl-entities": {
            "entities": [
              {
                "entity": "ReconType",
                "values": [
                  {
                    "value": "OAL Recon",
                    "synonyms": [],
                    "type": "synonyms"
                  },
                  {
                    "value": "Others",
                    "synonyms": [],
                    "type": "synonyms"
                  }
                ],
                "fuzzy_match": true
              }
            ]
          },
          "x-ibm-next-actions": []
        }
      }
    },
    "security": [
      {
        "basicAuth": []
      }
    ],
    "servers": [
      {
        "url": "https://r2r-fastapi-test-r2r.poc-tok-1-bx2-4x16-1d4ccc0775a4ed7596c037528d22e24b-0000.jp-tok.containers.appdomain.cloud"
      }
    ]
  }